{
  "id": "/subscriptions/fb0acb40-c405-4048-b4c7-35b09feda929/resourceGroups/LgMerchandiser/providers/Microsoft.Resources/deployments/Microsoft.AzureBot-20220705001432",
  "name": "Microsoft.AzureBot-20220705001432",
  "type": "Microsoft.Resources/deployments",
  "tags": {
    "primaryResourceId": "/subscriptions/fb0acb40-c405-4048-b4c7-35b09feda929/resourceGroups/LgMerchandiser/providers/Microsoft.BotService/botServices/LgMerchandiserBot2",
    "marketplaceItemId": "Microsoft.AzureBot"
  },
  "properties": {
    "templateHash": "16260320253437177130",
    "parameters": {
      "botId": {
        "type": "String",
        "value": "LgMerchandiserBot2"
      },
      "sku": {
        "type": "String",
        "value": "S1"
      },
      "appType": {
        "type": "String",
        "value": "UserAssignedMSI"
      },
      "msAppId": {
        "type": "String",
        "value": ""
      },
      "tenantId": {
        "type": "String",
        "value": ""
      },
      "msiResourceId": {
        "type": "String",
        "value": ""
      },
      "displayName": {
        "type": "String",
        "value": ""
      },
      "resourceTags": {
        "type": "Object",
        "value": {}
      },
      "region": {
        "type": "String",
        "value": "global"
      },
      "secretContentType": {
        "type": "String",
        "value": ""
      }
    },
    "mode": "Incremental",
    "debugSetting": {
      "detailLevel": "None"
    },
    "provisioningState": "Running",
    "timestamp": "2022-07-04T18:47:16.3200263Z",
    "duration": "PT1.5642414S",
    "correlationId": "d1aaa6de-3c6c-438d-94eb-de4e7b782c27",
    "providers": [
      {
        "namespace": "Microsoft.ManagedIdentity",
        "resourceTypes": [
          {
            "resourceType": "userAssignedIdentities",
            "locations": [
              "eastus"
            ]
          }
        ]
      },
      {
        "namespace": "Microsoft.BotService",
        "resourceTypes": [
          {
            "resourceType": "botServices",
            "locations": [
              "global"
            ]
          }
        ]
      }
    ],
    "dependencies": [
      {
        "dependsOn": [
          {
            "id": "/subscriptions/fb0acb40-c405-4048-b4c7-35b09feda929/resourceGroups/LgMerchandiser/providers/Microsoft.ManagedIdentity/userAssignedIdentities/LgMerchandiserBot2",
            "resourceType": "Microsoft.ManagedIdentity/userAssignedIdentities",
            "resourceName": "LgMerchandiserBot2"
          }
        ],
        "id": "/subscriptions/fb0acb40-c405-4048-b4c7-35b09feda929/resourceGroups/LgMerchandiser/providers/Microsoft.BotService/botServices/LgMerchandiserBot2",
        "resourceType": "Microsoft.BotService/botServices",
        "resourceName": "LgMerchandiserBot2"
      }
    ],
    "validationLevel": "Template"
  }
}