[
  {
    "id": "/subscriptions/fb0acb40-c405-4048-b4c7-35b09feda929/resourceGroups/LgMerchandiser/providers/Microsoft.Resources/deployments/Microsoft.AzureBot-20220705001432/operations/7676448B9ADECA80",
    "operationId": "7676448B9ADECA80",
    "properties": {
      "provisioningOperation": "Create",
      "provisioningState": "Succeeded",
      "timestamp": "2022-07-04T18:47:29.8425123Z",
      "duration": "PT13.4231473S",
      "trackingId": "89271960-0610-4ae7-b498-164bd4b1bbd6",
      "statusCode": "Created",
      "targetResource": {
        "id": "/subscriptions/fb0acb40-c405-4048-b4c7-35b09feda929/resourceGroups/LgMerchandiser/providers/Microsoft.BotService/botServices/LgMerchandiserBot2",
        "resourceType": "Microsoft.BotService/botServices",
        "resourceName": "LgMerchandiserBot2"
      }
    }
  },
  {
    "id": "/subscriptions/fb0acb40-c405-4048-b4c7-35b09feda929/resourceGroups/LgMerchandiser/providers/Microsoft.Resources/deployments/Microsoft.AzureBot-20220705001432/operations/EAB895A66B468038",
    "operationId": "EAB895A66B468038",
    "properties": {
      "provisioningOperation": "Create",
      "provisioningState": "Succeeded",
      "timestamp": "2022-07-04T18:47:24.8368067Z",
      "duration": "PT8.4174417S",
      "trackingId": "1f66dfcd-dce3-4310-b733-f2f6ca1baee2",
      "statusCode": "Created",
      "targetResource": {
        "id": "/subscriptions/fb0acb40-c405-4048-b4c7-35b09feda929/resourceGroups/LgMerchandiser/providers/Microsoft.ManagedIdentity/userAssignedIdentities/LgMerchandiserBot2",
        "resourceType": "Microsoft.ManagedIdentity/userAssignedIdentities",
        "resourceName": "LgMerchandiserBot2"
      }
    }
  },
  {
    "id": "/subscriptions/fb0acb40-c405-4048-b4c7-35b09feda929/resourceGroups/LgMerchandiser/providers/Microsoft.Resources/deployments/Microsoft.AzureBot-20220705001432/operations/08585446464528728356",
    "operationId": "08585446464528728356",
    "properties": {
      "provisioningOperation": "EvaluateDeploymentOutput",
      "provisioningState": "Succeeded",
      "timestamp": "2022-07-04T18:47:29.9945978Z",
      "duration": "PT13.5752328S",
      "trackingId": "a49227ca-c85d-473e-9010-d44722d1d593",
      "statusCode": "OK"
    }
  }
]