[
  {
    "name": "officedev-microsoft-teams-samples-app-auth-nodejs",
    "source": "officeDev",
    "title": "Microsoft Teams Authentication Sample",
    "shortDescription": "This sample demonstrates authentication in Microsoft Teams apps.",
    "url": "https://github.com/OfficeDev/Microsoft-Teams-Samples/tree/main/samples/app-auth/nodejs",
    "longDescription": [
      "This sample demonstrates authentication in Microsoft Teams apps."
    ],
    "creationDateTime": "2018-02-08",
    "updateDateTime": "2022-06-20",
    "products": [
      "Teams"
    ],
    "thumbnails": [
      {
        "type": "image",
        "order": 100,
        "url": "https://raw.githubusercontent.com/OfficeDev/Microsoft-Teams-Samples/main/samples/app-auth/nodejs/Images/TabAzureADLoginV1.png",
        "alt": "Solution UX as Teams tab showing authentication details"
      }
    ],
    "authors": [
      {
        "gitHubAccount": "OfficeDev",
        "pictureUrl": "https://avatars.githubusercontent.com/u/6789362?s=200&v=4",
        "name": "OfficeDev"
      }
    ],
    "references": [
      {
        "name": "Teams developer documentation",
        "url": "https://aka.ms/TeamsPlatformDocs"
      },
      {
        "name": "Teams developer questions",
        "url": "https://aka.ms/TeamsPlatformFeedback"
      },
      {
        "name": "Teams development videos from Microsoft",
        "url": "https://aka.ms/sample-ref-teams-vids-from-microsoft"
      },
      {
        "name": "Teams development videos from the community",
        "url": "https://aka.ms/sample-ref-teams-vids-from-community"
      }
    ]
  }
]
