{
  "version": "1.0",
  "defaultProvider": "unpkg",
  "libraries": [
    {
      "library": "@microsoft/teams-js@1.4.1",
      "destination": "wwwroot/lib/microsoft/teams-js/",
      "files": [
        "dist/MicrosoftTeams.min.js",
        "dist/MicrosoftTeams.js.map"
      ]
    },
    {
      "provider": "cdnjs",
      "library": "jquery@3.5.1",
      "destination": "wwwroot/lib/jquery/",
      "files": [
        "jquery.min.js",
        "jquery.min.map"
      ]
    },
    {
      "library": "bootstrap@4.5.3",
      "destination": "wwwroot/lib/bootstrap/",
      "files": [
        "dist/css/bootstrap.min.css",
        "dist/css/bootstrap.min.css.map"
      ]
    }
  ]
}