[
  {
    "name": "officedev-microsoft-teams-samples-account-linking-csharp",
    "source": "officeDev",
    "title": "External OAuth identity linking in Teams Apps.",
    "shortDescription": "This sample demos linking user's AAD id with Facebook and google account of user from bot, ME and tab.",
    "url": "https://github.com/OfficeDev/Microsoft-Teams-Samples/tree/main/samples/account-linking/csharp",
    "longDescription": [
      "This sample demos linking user's AAD id with Facebook and google account of user from bot, ME and tab."
    ],
    "creationDateTime": "2022-03-22",
    "updateDateTime": "2022-05-17",
    "products": [
      "Teams"
    ],
    "thumbnails": null,
    "authors": [
      {
        "gitHubAccount": null,
        "pictureUrl": "https://avatars.githubusercontent.com/u/6789362?s=200&v=4",
        "name": "OfficeDev"
      }
    ],
    "references": [
      {
        "name": "Teams developer documentation",
        "description": null,
        "url": "https://aka.ms/TeamsPlatformDocs"
      },
      {
        "name": "Teams developer questions",
        "description": null,
        "url": "https://aka.ms/TeamsPlatformFeedback"
      },
      {
        "name": "Teams development videos from Microsoft",
        "description": null,
        "url": "https://aka.ms/sample-ref-teams-vids-from-microsoft"
      },
      {
        "name": "Teams development videos from the community",
        "description": null,
        "url": "https://aka.ms/sample-ref-teams-vids-from-community"
      }
    ]
  }
]