{
  "type": "AdaptiveCard",
  "body": [
    {
      "type": "TextBlock",
      "size": "ExtraLarge",
      "weight": "Bolder",
      "text": "ToDo Bot",
      "horizontalAlignment": "Center",
      "color": "Dark"
    },
    {
      "type": "Image",
      "url": "https://images.unsplash.com/photo-1485827404703-89b55fcc595e?ixid=MXwxMjA3fDB8MHxzZWFyY2h8MXx8Ym90fGVufDB8fDB8&ixlib=rb-1.2.1&w=1000&q=80",
      "altText": "Bot Image"
    },
    {
      "type": "TextBlock",
      "text": "This Bot will allow you to Create, View, Delete tasks.",
      "wrap": true
    }
  ],
  "actions": [
    {
      "type": "Action.OpenUrl",
      "title": "Visit JD Bots",
      "url": "https://jd-bots.com"
    }
  ],
  "$schema": "http://adaptivecards.io/schemas/adaptive-card.json",
  "version": "1.1"
}