[
  {
    "id": "/subscriptions/fb0acb40-c405-4048-b4c7-35b09feda929/resourceGroups/lgMerchandiser/providers/Microsoft.Resources/deployments/Microsoft.Web-WebApp-Portal-a5080e35-b77b/operations/0628402885E631C4",
    "operationId": "0628402885E631C4",
    "properties": {
      "provisioningOperation": "Create",
      "provisioningState": "Succeeded",
      "timestamp": "2022-07-04T19:21:14.6289228Z",
      "duration": "PT19.5585805S",
      "trackingId": "ae86925a-16e5-42df-a557-4ef1b88b6be0",
      "statusCode": "OK",
      "targetResource": {
        "id": "/subscriptions/fb0acb40-c405-4048-b4c7-35b09feda929/resourceGroups/lgMerchandiser/providers/Microsoft.Web/sites/lgMerchandiserBot",
        "resourceType": "Microsoft.Web/sites",
        "resourceName": "lgMerchandiserBot"
      }
    }
  },
  {
    "id": "/subscriptions/fb0acb40-c405-4048-b4c7-35b09feda929/resourceGroups/lgMerchandiser/providers/Microsoft.Resources/deployments/Microsoft.Web-WebApp-Portal-a5080e35-b77b/operations/F9FB47CD1AFB05F2",
    "operationId": "F9FB47CD1AFB05F2",
    "properties": {
      "provisioningOperation": "Create",
      "provisioningState": "Succeeded",
      "timestamp": "2022-07-04T19:20:55.0366749Z",
      "duration": "PT10.8008888S",
      "trackingId": "abc4990e-879b-4ecf-b9f2-35b264f4e884",
      "statusCode": "OK",
      "targetResource": {
        "id": "/subscriptions/fb0acb40-c405-4048-b4c7-35b09feda929/resourceGroups/lgMerchandiser/providers/Microsoft.Web/serverfarms/ASP-lgMerchandiser-8709",
        "resourceType": "Microsoft.Web/serverfarms",
        "resourceName": "ASP-lgMerchandiser-8709"
      }
    }
  },
  {
    "id": "/subscriptions/fb0acb40-c405-4048-b4c7-35b09feda929/resourceGroups/lgMerchandiser/providers/Microsoft.Resources/deployments/Microsoft.Web-WebApp-Portal-a5080e35-b77b/operations/250CCF73300D3C43",
    "operationId": "250CCF73300D3C43",
    "properties": {
      "provisioningOperation": "Read",
      "provisioningState": "Succeeded",
      "timestamp": "2022-07-04T19:20:52.3339847Z",
      "duration": "PT8.0981986S",
      "trackingId": "ab4f8fdb-663e-4f6a-896f-52e6f3498a99",
      "statusCode": "OK",
      "targetResource": {
        "id": "/subscriptions/fb0acb40-c405-4048-b4c7-35b09feda929/resourceGroups/lgMerchandiser/providers/microsoft.insights/components/lgMerchandiserBot",
        "resourceType": "microsoft.insights/components",
        "resourceName": "lgMerchandiserBot",
        "apiVersion": "2015-05-01"
      }
    }
  },
  {
    "id": "/subscriptions/fb0acb40-c405-4048-b4c7-35b09feda929/resourceGroups/lgMerchandiser/providers/Microsoft.Resources/deployments/Microsoft.Web-WebApp-Portal-a5080e35-b77b/operations/73D788CA11C979B6",
    "operationId": "73D788CA11C979B6",
    "properties": {
      "provisioningOperation": "Create",
      "provisioningState": "Succeeded",
      "timestamp": "2022-07-04T19:20:52.2440094Z",
      "duration": "PT8.0082233S",
      "trackingId": "af82c48c-0f92-4722-8cc9-c313fc004208",
      "statusCode": "OK",
      "targetResource": {
        "id": "/subscriptions/fb0acb40-c405-4048-b4c7-35b09feda929/resourceGroups/lgMerchandiser/providers/microsoft.insights/components/lgMerchandiserBot",
        "resourceType": "microsoft.insights/components",
        "resourceName": "lgMerchandiserBot"
      }
    }
  },
  {
    "id": "/subscriptions/fb0acb40-c405-4048-b4c7-35b09feda929/resourceGroups/lgMerchandiser/providers/Microsoft.Resources/deployments/Microsoft.Web-WebApp-Portal-a5080e35-b77b/operations/08585446444449369365",
    "operationId": "08585446444449369365",
    "properties": {
      "provisioningOperation": "EvaluateDeploymentOutput",
      "provisioningState": "Succeeded",
      "timestamp": "2022-07-04T19:21:14.7040419Z",
      "duration": "PT19.6336996S",
      "trackingId": "aafd19d0-a021-4d1d-b71c-88987fde5e18",
      "statusCode": "OK"
    }
  }
]