{
  "id": "/subscriptions/fb0acb40-c405-4048-b4c7-35b09feda929/resourceGroups/lgMerchandiser/providers/Microsoft.Resources/deployments/Microsoft.Web-WebApp-Portal-a5080e35-b77b",
  "name": "Microsoft.Web-WebApp-Portal-a5080e35-b77b",
  "type": "Microsoft.Resources/deployments",
  "tags": {
    "primaryResourceId": "/subscriptions/fb0acb40-c405-4048-b4c7-35b09feda929/resourcegroups/lgMerchandiser/providers/Microsoft.Web/sites/lgMerchandiserBot",
    "marketplaceItemId": "Microsoft.WebSite",
    "provisioningHash": "customize-post-provisioning-steps-webapp-deployment"
  },
  "properties": {
    "templateHash": "5654364352247355798",
    "parameters": {
      "subscriptionId": {
        "type": "String",
        "value": "fb0acb40-c405-4048-b4c7-35b09feda929"
      },
      "name": {
        "type": "String",
        "value": "lgMerchandiserBot"
      },
      "location": {
        "type": "String",
        "value": "East US"
      },
      "hostingPlanName": {
        "type": "String",
        "value": "ASP-lgMerchandiser-8709"
      },
      "serverFarmResourceGroup": {
        "type": "String",
        "value": "lgMerchandiser"
      },
      "alwaysOn": {
        "type": "Bool",
        "value": false
      },
      "sku": {
        "type": "String",
        "value": "Basic"
      },
      "skuCode": {
        "type": "String",
        "value": "B1"
      },
      "workerSize": {
        "type": "String",
        "value": "0"
      },
      "workerSizeId": {
        "type": "String",
        "value": "0"
      },
      "numberOfWorkers": {
        "type": "String",
        "value": "1"
      },
      "currentStack": {
        "type": "String",
        "value": "dotnetcore"
      },
      "phpVersion": {
        "type": "String",
        "value": "OFF"
      },
      "errorLink": {
        "type": "String",
        "value": "https://lgMerchandiserBot.scm.azurewebsites.net/detectors?type=tools&name=eventviewer"
      }
    },
    "mode": "Incremental",
    "debugSetting": {
      "detailLevel": "None"
    },
    "provisioningState": "Succeeded",
    "timestamp": "2022-07-04T19:21:14.7277838Z",
    "duration": "PT32.1195029S",
    "correlationId": "81ef74a2-373f-4d1e-b0eb-56adde68d076",
    "providers": [
      {
        "namespace": "Microsoft.Web",
        "resourceTypes": [
          {
            "resourceType": "sites",
            "locations": [
              "eastus"
            ]
          },
          {
            "resourceType": "serverfarms",
            "locations": [
              "eastus"
            ]
          }
        ]
      },
      {
        "namespace": "microsoft.insights",
        "resourceTypes": [
          {
            "resourceType": "components",
            "locations": [
              "eastus"
            ]
          }
        ]
      }
    ],
    "dependencies": [
      {
        "dependsOn": [
          {
            "id": "/subscriptions/fb0acb40-c405-4048-b4c7-35b09feda929/resourceGroups/lgMerchandiser/providers/microsoft.insights/components/lgMerchandiserBot",
            "resourceType": "microsoft.insights/components",
            "resourceName": "lgMerchandiserBot"
          },
          {
            "id": "/subscriptions/fb0acb40-c405-4048-b4c7-35b09feda929/resourceGroups/lgMerchandiser/providers/Microsoft.Web/serverfarms/ASP-lgMerchandiser-8709",
            "resourceType": "Microsoft.Web/serverfarms",
            "resourceName": "ASP-lgMerchandiser-8709"
          },
          {
            "id": "/subscriptions/fb0acb40-c405-4048-b4c7-35b09feda929/resourceGroups/lgMerchandiser/providers/microsoft.insights/components/lgMerchandiserBot",
            "resourceType": "microsoft.insights/components",
            "resourceName": "lgMerchandiserBot",
            "apiVersion": "2015-05-01"
          }
        ],
        "id": "/subscriptions/fb0acb40-c405-4048-b4c7-35b09feda929/resourceGroups/lgMerchandiser/providers/Microsoft.Web/sites/lgMerchandiserBot",
        "resourceType": "Microsoft.Web/sites",
        "resourceName": "lgMerchandiserBot"
      }
    ],
    "outputResources": [
      {
        "id": "/subscriptions/fb0acb40-c405-4048-b4c7-35b09feda929/resourceGroups/lgMerchandiser/providers/microsoft.insights/components/lgMerchandiserBot"
      },
      {
        "id": "/subscriptions/fb0acb40-c405-4048-b4c7-35b09feda929/resourceGroups/lgMerchandiser/providers/Microsoft.Web/serverfarms/ASP-lgMerchandiser-8709"
      },
      {
        "id": "/subscriptions/fb0acb40-c405-4048-b4c7-35b09feda929/resourceGroups/lgMerchandiser/providers/Microsoft.Web/sites/lgMerchandiserBot"
      }
    ],
    "validationLevel": "Template"
  }
}